image,width,height,filter,strategy,threads,iterations,avg_ms,throughput_mpix_s,speedup_vs_sequential
256.png,256,256,gaussian3,sequential,1,30,2.540730,25.794162,1.000000
256.png,256,256,gaussian3,pixels,1,30,3.880797,16.887254,0.654693
256.png,256,256,gaussian3,pixels,2,30,3.944283,16.615439,0.644155
256.png,256,256,gaussian3,pixels,4,30,3.249113,20.170426,0.781976
256.png,256,256,gaussian3,pixels,8,30,2.404137,27.259682,1.056816
256.png,256,256,gaussian3,rows,1,30,2.633767,24.882994,0.964675
256.png,256,256,gaussian3,rows,2,30,1.536990,42.639184,1.653056
256.png,256,256,gaussian3,rows,4,30,1.033250,63.427051,2.458969
256.png,256,256,gaussian3,rows,8,30,1.237167,52.972653,2.053668
256.png,256,256,gaussian3,columns,1,30,2.806610,23.350590,0.905266
256.png,256,256,gaussian3,columns,2,30,1.518303,43.163970,1.673401
256.png,256,256,gaussian3,columns,4,30,1.150227,56.976596,2.208895
256.png,256,256,gaussian3,columns,8,30,1.079913,60.686351,2.352717
256.png,256,256,gaussian3,grid,1,30,2.689537,24.367022,0.944672
256.png,256,256,gaussian3,grid,2,30,1.554437,42.160611,1.634502
256.png,256,256,gaussian3,grid,4,30,4.067050,16.113891,0.624711
256.png,256,256,gaussian3,grid,8,30,1.615677,40.562571,1.572549
256.png,256,256,gaussian5,sequential,1,30,5.547377,11.813872,1.000000
256.png,256,256,gaussian5,pixels,1,30,7.062727,9.279136,0.785444
256.png,256,256,gaussian5,pixels,2,30,4.966517,13.195566,1.116955
256.png,256,256,gaussian5,pixels,4,30,3.650020,17.954970,1.519821
256.png,256,256,gaussian5,pixels,8,30,2.859463,22.918986,1.940006
256.png,256,256,gaussian5,rows,1,30,5.801723,11.295954,0.956160
256.png,256,256,gaussian5,rows,2,30,3.254850,20.134876,1.704342
256.png,256,256,gaussian5,rows,4,30,2.408983,27.204837,2.302787
256.png,256,256,gaussian5,rows,8,30,2.286873,28.657468,2.425747
256.png,256,256,gaussian5,columns,1,30,5.872430,11.159946,0.944648
256.png,256,256,gaussian5,columns,2,30,3.302770,19.842738,1.679613
256.png,256,256,gaussian5,columns,4,30,2.322707,28.215358,2.388324
256.png,256,256,gaussian5,columns,8,30,2.168760,30.218189,2.557856
256.png,256,256,gaussian5,grid,1,30,5.781307,11.335846,0.959537
256.png,256,256,gaussian5,grid,2,30,3.282720,19.963932,1.689872
256.png,256,256,gaussian5,grid,4,30,2.524083,25.964277,2.197779
256.png,256,256,gaussian5,grid,8,30,2.485403,26.368356,2.231982
256.png,256,256,blur5,sequential,1,30,6.416870,10.213079,1.000000
256.png,256,256,blur5,pixels,1,30,7.253090,9.035597,0.884708
256.png,256,256,blur5,pixels,2,30,4.892137,13.396192,1.311670
256.png,256,256,blur5,pixels,4,30,3.579180,18.310339,1.792832
256.png,256,256,blur5,pixels,8,30,2.893770,22.647273,2.217478
256.png,256,256,blur5,rows,1,30,5.761670,11.374480,1.113717
256.png,256,256,blur5,rows,2,30,3.217240,20.370255,1.994526
256.png,256,256,blur5,rows,4,30,2.432027,26.947073,2.638487
256.png,256,256,blur5,rows,8,30,2.613950,25.071635,2.454856
256.png,256,256,blur5,columns,1,30,7.052017,9.293228,0.909934
256.png,256,256,blur5,columns,2,30,4.036993,16.233864,1.589517
256.png,256,256,blur5,columns,4,30,2.733317,23.976732,2.347650
256.png,256,256,blur5,columns,8,30,4.589587,14.279282,1.398137
256.png,256,256,blur5,grid,1,30,7.354207,8.911362,0.872544
256.png,256,256,blur5,grid,2,30,3.875960,16.908327,1.655556
256.png,256,256,blur5,grid,4,30,2.971217,22.056958,2.159678
256.png,256,256,blur5,grid,8,30,2.593203,25.272218,2.474496
256.png,256,256,sharpen3,sequential,1,30,2.646563,24.762680,1.000000
256.png,256,256,sharpen3,pixels,1,30,4.084727,16.044158,0.647917
256.png,256,256,sharpen3,pixels,2,30,3.476740,18.849842,0.761220
256.png,256,256,sharpen3,pixels,4,30,3.045540,21.518680,0.868996
256.png,256,256,sharpen3,pixels,8,30,2.559120,25.608803,1.034169
256.png,256,256,sharpen3,rows,1,30,2.693427,24.331830,0.982601
256.png,256,256,sharpen3,rows,2,30,1.637137,40.030867,1.616581
256.png,256,256,sharpen3,rows,4,30,1.468480,44.628459,1.802247
256.png,256,256,sharpen3,rows,8,30,1.166297,56.191535,2.269203
256.png,256,256,sharpen3,columns,1,30,2.724050,24.058296,0.971555
256.png,256,256,sharpen3,columns,2,30,1.524253,42.995478,1.736301
256.png,256,256,sharpen3,columns,4,30,0.952997,68.768341,2.777096
256.png,256,256,sharpen3,columns,8,30,1.059070,61.880707,2.498950
256.png,256,256,sharpen3,grid,1,30,2.693963,24.326983,0.982405
256.png,256,256,sharpen3,grid,2,30,1.615207,40.574374,1.638529
256.png,256,256,sharpen3,grid,4,30,1.156503,56.667368,2.288418
256.png,256,256,sharpen3,grid,8,30,1.124207,58.295331,2.354161
256.png,256,256,motion9,sequential,1,30,16.179860,4.050468,1.000000
256.png,256,256,motion9,pixels,1,30,17.527393,3.739061,0.923118
256.png,256,256,motion9,pixels,2,30,10.916870,6.003186,1.482097
256.png,256,256,motion9,pixels,4,30,6.324747,10.361838,2.558183
256.png,256,256,motion9,pixels,8,30,5.451970,12.020609,2.967709
256.png,256,256,motion9,rows,1,30,16.774943,3.906779,0.964525
256.png,256,256,motion9,rows,2,30,9.190793,7.130614,1.760442
256.png,256,256,motion9,rows,4,30,5.479697,11.959786,2.952693
256.png,256,256,motion9,rows,8,30,4.785187,13.695599,3.381239
256.png,256,256,motion9,columns,1,30,16.579560,3.952819,0.975892
256.png,256,256,motion9,columns,2,30,8.647580,7.578536,1.871028
256.png,256,256,motion9,columns,4,30,5.451837,12.020903,2.967781
256.png,256,256,motion9,columns,8,30,5.358263,12.230829,3.019609
256.png,256,256,motion9,grid,1,30,16.313003,4.017409,0.991838
256.png,256,256,motion9,grid,2,30,8.914650,7.351494,1.814974
256.png,256,256,motion9,grid,4,30,5.546000,11.816805,2.917393
256.png,256,256,motion9,grid,8,30,4.800347,13.652347,3.370561
256.png,256,256,median3,sequential,1,30,5.366460,12.212147,1.000000
256.png,256,256,median3,pixels,1,30,5.847980,11.206605,0.917660
256.png,256,256,median3,pixels,2,30,4.530813,14.464511,1.184436
256.png,256,256,median3,pixels,4,30,3.441390,19.043468,1.559387
256.png,256,256,median3,pixels,8,30,2.651223,24.719155,2.024145
256.png,256,256,median3,rows,1,30,5.649557,11.600202,0.949890
256.png,256,256,median3,rows,2,30,3.145577,20.834336,1.706034
256.png,256,256,median3,rows,4,30,2.172130,30.171307,2.470598
256.png,256,256,median3,rows,8,30,1.842683,35.565525,2.912307
256.png,256,256,median3,columns,1,30,5.681217,11.535557,0.944597
256.png,256,256,median3,columns,2,30,3.099133,21.146557,1.731600
256.png,256,256,median3,columns,4,30,2.326580,28.168384,2.306587
256.png,256,256,median3,columns,8,30,1.829583,35.820178,2.933160
256.png,256,256,median3,grid,1,30,5.443727,12.038812,0.985806
256.png,256,256,median3,grid,2,30,3.199677,20.482070,1.677188
256.png,256,256,median3,grid,4,30,2.337127,28.041270,2.296178
256.png,256,256,median3,grid,8,30,1.890007,34.675010,2.839387
256.png,256,256,median5,sequential,1,30,20.554800,3.188355,1.000000
256.png,256,256,median5,pixels,1,30,20.248660,3.236560,1.015119
256.png,256,256,median5,pixels,2,30,11.983507,5.468850,1.715258
256.png,256,256,median5,pixels,4,30,7.583463,8.641962,2.710477
256.png,256,256,median5,pixels,8,30,5.775740,11.346771,3.558817
256.png,256,256,median5,rows,1,30,21.169660,3.095751,0.970956
256.png,256,256,median5,rows,2,30,12.488620,5.247657,1.645882
256.png,256,256,median5,rows,4,30,7.718350,8.490934,2.663108
256.png,256,256,median5,rows,8,30,7.255020,9.033194,2.833183
256.png,256,256,median5,columns,1,30,21.688920,3.021635,0.947710
256.png,256,256,median5,columns,2,30,11.602677,5.648352,1.771557
256.png,256,256,median5,columns,4,30,7.475233,8.767084,2.749720
256.png,256,256,median5,columns,8,30,5.047640,12.983493,4.072160
256.png,256,256,median5,grid,1,30,22.301573,2.938627,0.921675
256.png,256,256,median5,grid,2,30,14.778983,4.434405,1.390813
256.png,256,256,median5,grid,4,30,8.163457,8.027972,2.517904
256.png,256,256,median5,grid,8,30,5.829130,11.242844,3.526221
512.jpg,512,512,gaussian3,sequential,1,20,14.806260,17.704944,1.000000
512.jpg,512,512,gaussian3,pixels,1,20,16.687105,15.709376,0.887288
512.jpg,512,512,gaussian3,pixels,2,20,13.575835,19.309604,1.090633
512.jpg,512,512,gaussian3,pixels,4,20,11.025000,23.777234,1.342971
512.jpg,512,512,gaussian3,pixels,8,20,10.340460,25.351290,1.431876
512.jpg,512,512,gaussian3,rows,1,20,10.767895,24.344963,1.375038
512.jpg,512,512,gaussian3,rows,2,20,6.128120,42.777230,2.416118
512.jpg,512,512,gaussian3,rows,4,20,3.754720,69.817190,3.943373
512.jpg,512,512,gaussian3,rows,8,20,4.271220,61.374502,3.466518
512.jpg,512,512,gaussian3,columns,1,20,13.317730,19.683835,1.111771
512.jpg,512,512,gaussian3,columns,2,20,16.213870,16.167886,0.913185
512.jpg,512,512,gaussian3,columns,4,20,5.548065,47.249627,2.668725
512.jpg,512,512,gaussian3,columns,8,20,4.554670,57.554993,3.250787
512.jpg,512,512,gaussian3,grid,1,20,10.559800,24.824713,1.402135
512.jpg,512,512,gaussian3,grid,2,20,5.642025,46.462751,2.624281
512.jpg,512,512,gaussian3,grid,4,20,3.905125,67.128197,3.791495
512.jpg,512,512,gaussian3,grid,8,20,3.582315,73.177261,4.133154
512.jpg,512,512,gaussian5,sequential,1,20,44.995565,5.825996,1.000000
512.jpg,512,512,gaussian5,pixels,1,20,27.930590,9.385552,1.610978
512.jpg,512,512,gaussian5,pixels,2,20,17.601145,14.893577,2.556400
512.jpg,512,512,gaussian5,pixels,4,20,13.315785,19.686710,3.379115
512.jpg,512,512,gaussian5,pixels,8,20,11.314390,23.169079,3.976844
512.jpg,512,512,gaussian5,rows,1,20,24.312895,10.782097,1.850687
512.jpg,512,512,gaussian5,rows,2,20,12.265965,21.371657,3.668327
512.jpg,512,512,gaussian5,rows,4,20,8.114585,32.305287,5.545024
512.jpg,512,512,gaussian5,rows,8,20,6.568180,39.911208,6.850538
512.jpg,512,512,gaussian5,columns,1,20,22.452805,11.675334,2.004006
512.jpg,512,512,gaussian5,columns,2,20,11.810740,22.195392,3.809716
512.jpg,512,512,gaussian5,columns,4,20,7.847640,33.404183,5.733643
512.jpg,512,512,gaussian5,columns,8,20,6.672435,39.287606,6.743500
512.jpg,512,512,gaussian5,grid,1,20,22.093030,11.865462,2.036641
512.jpg,512,512,gaussian5,grid,2,20,12.057125,21.741833,3.731865
512.jpg,512,512,gaussian5,grid,4,20,7.317540,35.824061,6.149002
512.jpg,512,512,gaussian5,grid,8,20,6.647530,39.434798,6.768764
512.jpg,512,512,blur5,sequential,1,20,21.503405,12.190814,1.000000
512.jpg,512,512,blur5,pixels,1,20,26.256155,9.984097,0.818985
512.jpg,512,512,blur5,pixels,2,20,16.671260,15.724306,1.289849
512.jpg,512,512,blur5,pixels,4,20,13.159635,19.920309,1.634043
512.jpg,512,512,blur5,pixels,8,20,10.842110,24.178320,1.983323
512.jpg,512,512,blur5,rows,1,20,22.216300,11.799625,0.967911
512.jpg,512,512,blur5,rows,2,20,13.014760,20.142054,1.652232
512.jpg,512,512,blur5,rows,4,20,7.489915,34.999596,2.870981
512.jpg,512,512,blur5,rows,8,20,6.587450,39.794458,3.264299
512.jpg,512,512,blur5,columns,1,20,24.602335,10.655249,0.874039
512.jpg,512,512,blur5,columns,2,20,12.298050,21.315900,1.748522
512.jpg,512,512,blur5,columns,4,20,7.233830,36.238618,2.972617
512.jpg,512,512,blur5,columns,8,20,6.608570,39.667281,3.253867
512.jpg,512,512,blur5,grid,1,20,22.063900,11.881127,0.974597
512.jpg,512,512,blur5,grid,2,20,12.917190,20.294197,1.664712
512.jpg,512,512,blur5,grid,4,20,11.157670,23.494511,1.927231
512.jpg,512,512,blur5,grid,8,20,7.715495,33.976304,2.787042
512.jpg,512,512,sharpen3,sequential,1,20,9.601265,27.303069,1.000000
512.jpg,512,512,sharpen3,pixels,1,20,14.081895,18.615676,0.681816
512.jpg,512,512,sharpen3,pixels,2,20,12.707400,20.629240,0.755565
512.jpg,512,512,sharpen3,pixels,4,20,11.255820,23.289640,0.853004
512.jpg,512,512,sharpen3,pixels,8,20,8.405655,31.186624,1.142239
512.jpg,512,512,sharpen3,rows,1,20,9.929475,26.400590,0.966946
512.jpg,512,512,sharpen3,rows,2,20,5.347055,49.025866,1.795617
512.jpg,512,512,sharpen3,rows,4,20,4.040350,64.881508,2.376345
512.jpg,512,512,sharpen3,rows,8,20,3.210725,81.646357,2.990373
512.jpg,512,512,sharpen3,columns,1,20,10.141000,25.849916,0.946777
512.jpg,512,512,sharpen3,columns,2,20,5.561130,47.138621,1.726495
512.jpg,512,512,sharpen3,columns,4,20,3.724110,70.391046,2.578137
512.jpg,512,512,sharpen3,columns,8,20,3.280240,79.916104,2.927001
512.jpg,512,512,sharpen3,grid,1,20,9.894205,26.494701,0.970393
512.jpg,512,512,sharpen3,grid,2,20,5.469435,47.928899,1.755440
512.jpg,512,512,sharpen3,grid,4,20,3.561025,73.614760,2.696208
512.jpg,512,512,sharpen3,grid,8,20,3.560215,73.631508,2.696822
512.jpg,512,512,motion9,sequential,1,20,62.918220,4.166424,1.000000
512.jpg,512,512,motion9,pixels,1,20,67.310435,3.894552,0.934747
512.jpg,512,512,motion9,pixels,2,20,42.325465,6.193529,1.486533
512.jpg,512,512,motion9,pixels,4,20,25.485895,10.285846,2.468747
512.jpg,512,512,motion9,pixels,8,20,20.677120,12.677974,3.042891
512.jpg,512,512,motion9,rows,1,20,64.228250,4.081444,0.979604
512.jpg,512,512,motion9,rows,2,20,33.976355,7.715483,1.851824
512.jpg,512,512,motion9,rows,4,20,21.480710,12.203693,2.929057
512.jpg,512,512,motion9,rows,8,20,18.264180,14.352903,3.444897
512.jpg,512,512,motion9,columns,1,20,64.103630,4.089378,0.981508
512.jpg,512,512,motion9,columns,2,20,33.398275,7.849028,1.883876
512.jpg,512,512,motion9,columns,4,20,21.857090,11.993545,2.878618
512.jpg,512,512,motion9,columns,8,20,18.488535,14.178733,3.403094
512.jpg,512,512,motion9,grid,1,20,66.932470,3.916545,0.940025
512.jpg,512,512,motion9,grid,2,20,33.418440,7.844292,1.882740
512.jpg,512,512,motion9,grid,4,20,22.214330,11.800671,2.832326
512.jpg,512,512,motion9,grid,8,20,18.175035,14.423301,3.461794
512.jpg,512,512,median3,sequential,1,20,18.059360,14.515686,1.000000
512.jpg,512,512,median3,pixels,1,20,19.338885,13.555280,0.933837
512.jpg,512,512,median3,pixels,2,20,15.322895,17.107994,1.178587
512.jpg,512,512,median3,pixels,4,20,11.701335,22.402914,1.543359
512.jpg,512,512,median3,pixels,8,20,8.701960,30.124708,2.075321
512.jpg,512,512,median3,rows,1,20,18.769975,13.966135,0.962141
512.jpg,512,512,median3,rows,2,20,10.156155,25.811343,1.778169
512.jpg,512,512,median3,rows,4,20,6.168605,42.496480,2.927625
512.jpg,512,512,median3,rows,8,20,5.143725,50.963844,3.510950
512.jpg,512,512,median3,columns,1,20,19.100320,13.724587,0.945500
512.jpg,512,512,median3,columns,2,20,10.090705,25.978760,1.789703
512.jpg,512,512,median3,columns,4,20,6.255710,41.904756,2.886860
512.jpg,512,512,median3,columns,8,20,4.987485,52.560359,3.620935
512.jpg,512,512,median3,grid,1,20,18.774880,13.962486,0.961890
512.jpg,512,512,median3,grid,2,20,10.153140,25.819008,1.778697
512.jpg,512,512,median3,grid,4,20,6.355845,41.244555,2.841378
512.jpg,512,512,median3,grid,8,20,5.155625,50.846212,3.502846
512.jpg,512,512,median5,sequential,1,20,76.502785,3.426594,1.000000
512.jpg,512,512,median5,pixels,1,20,75.497200,3.472235,1.013320
512.jpg,512,512,median5,pixels,2,20,45.137425,5.807686,1.694886
512.jpg,512,512,median5,pixels,4,20,26.379445,9.937434,2.900091
512.jpg,512,512,median5,pixels,8,20,18.882030,13.883253,4.051619
512.jpg,512,512,median5,rows,1,20,76.110185,3.444270,1.005158
512.jpg,512,512,median5,rows,2,20,39.671040,6.607944,1.928429
512.jpg,512,512,median5,rows,4,20,25.401260,10.320118,3.011771
512.jpg,512,512,median5,rows,8,20,23.987420,10.928395,3.189288
512.jpg,512,512,median5,columns,1,20,76.498465,3.426788,1.000056
512.jpg,512,512,median5,columns,2,20,39.711725,6.601174,1.926453
512.jpg,512,512,median5,columns,4,20,24.372525,10.755718,3.138895
512.jpg,512,512,median5,columns,8,20,17.260210,15.187764,4.432321
512.jpg,512,512,median5,grid,1,20,74.272260,3.529501,1.030032
512.jpg,512,512,median5,grid,2,20,39.360515,6.660075,1.943643
512.jpg,512,512,median5,grid,4,20,24.520285,10.690903,3.119979
512.jpg,512,512,median5,grid,8,20,17.428910,15.040757,4.389419
1024.jpg,1024,1024,gaussian3,sequential,1,12,36.578650,28.666340,1.000000
1024.jpg,1024,1024,gaussian3,pixels,1,12,54.790450,19.137934,0.667610
1024.jpg,1024,1024,gaussian3,pixels,2,12,48.042708,21.825914,0.761378
1024.jpg,1024,1024,gaussian3,pixels,4,12,43.476158,24.118414,0.841350
1024.jpg,1024,1024,gaussian3,pixels,8,12,33.022533,31.753348,1.107688
1024.jpg,1024,1024,gaussian3,rows,1,12,37.887467,27.676065,0.965455
1024.jpg,1024,1024,gaussian3,rows,2,12,19.676983,53.289469,1.858956
1024.jpg,1024,1024,gaussian3,rows,4,12,13.297900,78.852751,2.750709
1024.jpg,1024,1024,gaussian3,rows,8,12,11.231700,93.358619,3.256733
1024.jpg,1024,1024,gaussian3,columns,1,12,38.871375,26.975531,0.941018
1024.jpg,1024,1024,gaussian3,columns,2,12,20.276683,51.713388,1.803976
1024.jpg,1024,1024,gaussian3,columns,4,12,12.979725,80.785687,2.818138
1024.jpg,1024,1024,gaussian3,columns,8,12,11.558025,90.722766,3.164784
1024.jpg,1024,1024,gaussian3,grid,1,12,38.460258,27.263883,0.951077
1024.jpg,1024,1024,gaussian3,grid,2,12,20.703492,50.647302,1.766787
1024.jpg,1024,1024,gaussian3,grid,4,12,14.102233,74.355315,2.593820
1024.jpg,1024,1024,gaussian3,grid,8,12,11.609242,90.322523,3.150822
1024.jpg,1024,1024,gaussian5,sequential,1,12,90.794675,11.548871,1.000000
1024.jpg,1024,1024,gaussian5,pixels,1,12,104.381258,10.045635,0.869837
1024.jpg,1024,1024,gaussian5,pixels,2,12,66.443508,15.781466,1.366494
1024.jpg,1024,1024,gaussian5,pixels,4,12,51.377775,20.409136,1.767197
1024.jpg,1024,1024,gaussian5,pixels,8,12,40.967858,25.595089,2.216242
1024.jpg,1024,1024,gaussian5,rows,1,12,93.830883,11.175169,0.967642
1024.jpg,1024,1024,gaussian5,rows,2,12,52.455992,19.989633,1.730873
1024.jpg,1024,1024,gaussian5,rows,4,12,31.807442,32.966373,2.854510
1024.jpg,1024,1024,gaussian5,rows,8,12,25.228133,41.563757,3.598945
1024.jpg,1024,1024,gaussian5,columns,1,12,91.277408,11.487793,0.994711
1024.jpg,1024,1024,gaussian5,columns,2,12,48.244275,21.734724,1.881978
1024.jpg,1024,1024,gaussian5,columns,4,12,30.108117,34.827021,3.015621
1024.jpg,1024,1024,gaussian5,columns,8,12,25.322100,41.409520,3.585590
1024.jpg,1024,1024,gaussian5,grid,1,12,87.248342,12.018291,1.040646
1024.jpg,1024,1024,gaussian5,grid,2,12,45.622783,22.983604,1.990117
1024.jpg,1024,1024,gaussian5,grid,4,12,30.644775,34.217122,2.962811
1024.jpg,1024,1024,gaussian5,grid,8,12,25.080717,41.808056,3.620099
1024.jpg,1024,1024,blur5,sequential,1,12,87.035317,12.047707,1.000000
1024.jpg,1024,1024,blur5,pixels,1,12,106.888108,9.810034,0.814266
1024.jpg,1024,1024,blur5,pixels,2,12,70.709600,14.829330,1.230884
1024.jpg,1024,1024,blur5,pixels,4,12,51.092258,20.523188,1.703493
1024.jpg,1024,1024,blur5,pixels,8,12,41.691433,25.150874,2.087607
1024.jpg,1024,1024,blur5,rows,1,12,87.750808,11.949474,0.991846
1024.jpg,1024,1024,blur5,rows,2,12,47.036408,22.292859,1.850382
1024.jpg,1024,1024,blur5,rows,4,12,28.190550,37.196011,3.087393
1024.jpg,1024,1024,blur5,rows,8,12,25.437258,41.222053,3.421568
1024.jpg,1024,1024,blur5,columns,1,12,88.223317,11.885475,0.986534
1024.jpg,1024,1024,blur5,columns,2,12,46.207058,22.692983,1.883594
1024.jpg,1024,1024,blur5,columns,4,12,28.900975,36.281683,3.011501
1024.jpg,1024,1024,blur5,columns,8,12,25.307600,41.433245,3.439098
1024.jpg,1024,1024,blur5,grid,1,12,87.304142,12.010610,0.996921
1024.jpg,1024,1024,blur5,grid,2,12,44.390217,23.621782,1.960687
1024.jpg,1024,1024,blur5,grid,4,12,30.968375,33.859574,2.810458
1024.jpg,1024,1024,blur5,grid,8,12,25.039642,41.876638,3.475901
1024.jpg,1024,1024,sharpen3,sequential,1,12,36.914892,28.405230,1.000000
1024.jpg,1024,1024,sharpen3,pixels,1,12,54.909975,19.096275,0.672280
1024.jpg,1024,1024,sharpen3,pixels,2,12,49.178250,21.321946,0.750635
1024.jpg,1024,1024,sharpen3,pixels,4,12,43.713292,23.987578,0.844478
1024.jpg,1024,1024,sharpen3,pixels,8,12,32.176983,32.587766,1.147245
1024.jpg,1024,1024,sharpen3,rows,1,12,38.522817,27.219609,0.958260
1024.jpg,1024,1024,sharpen3,rows,2,12,20.033517,52.341085,1.842657
1024.jpg,1024,1024,sharpen3,rows,4,12,12.785175,82.014990,2.887320
1024.jpg,1024,1024,sharpen3,rows,8,12,11.266850,93.067361,3.276416
1024.jpg,1024,1024,sharpen3,columns,1,12,39.268525,26.702709,0.940063
1024.jpg,1024,1024,sharpen3,columns,2,12,20.484817,51.187961,1.802061
1024.jpg,1024,1024,sharpen3,columns,4,12,19.833950,52.867734,1.861197
1024.jpg,1024,1024,sharpen3,columns,8,12,12.445642,84.252466,2.966090
1024.jpg,1024,1024,sharpen3,grid,1,12,39.117675,26.805683,0.943688
1024.jpg,1024,1024,sharpen3,grid,2,12,20.739017,50.560546,1.779973
1024.jpg,1024,1024,sharpen3,grid,4,12,13.846183,75.730328,2.666070
1024.jpg,1024,1024,sharpen3,grid,8,12,11.853817,88.458935,3.114178
1024.jpg,1024,1024,motion9,sequential,1,12,252.894983,4.146290,1.000000
1024.jpg,1024,1024,motion9,pixels,1,12,266.711967,3.931492,0.948195
1024.jpg,1024,1024,motion9,pixels,2,12,163.812442,6.401077,1.543808
1024.jpg,1024,1024,motion9,pixels,4,12,98.477617,10.647861,2.568045
1024.jpg,1024,1024,motion9,pixels,8,12,83.215317,12.600757,3.039044
1024.jpg,1024,1024,motion9,rows,1,12,259.681800,4.037926,0.973865
1024.jpg,1024,1024,motion9,rows,2,12,136.922658,7.658163,1.846991
1024.jpg,1024,1024,motion9,rows,4,12,83.014542,12.631233,3.046394
1024.jpg,1024,1024,motion9,rows,8,12,70.530525,14.866981,3.585610
1024.jpg,1024,1024,motion9,columns,1,12,254.731767,4.116393,0.992789
1024.jpg,1024,1024,motion9,columns,2,12,138.621267,7.564323,1.824359
1024.jpg,1024,1024,motion9,columns,4,12,80.939292,12.955092,3.124502
1024.jpg,1024,1024,motion9,columns,8,12,70.710392,14.829164,3.576490
1024.jpg,1024,1024,motion9,grid,1,12,258.999167,4.048569,0.976432
1024.jpg,1024,1024,motion9,grid,2,12,139.841292,7.498329,1.808443
1024.jpg,1024,1024,motion9,grid,4,12,80.918825,12.958369,3.125292
1024.jpg,1024,1024,motion9,grid,8,12,71.819642,14.600129,3.521251
1024.jpg,1024,1024,median3,sequential,1,12,68.246333,15.364576,1.000000
1024.jpg,1024,1024,median3,pixels,1,12,70.984558,14.771889,0.961425
1024.jpg,1024,1024,median3,pixels,2,12,61.449808,17.063943,1.110603
1024.jpg,1024,1024,median3,pixels,4,12,46.938375,22.339418,1.453956
1024.jpg,1024,1024,median3,pixels,8,12,34.734375,30.188423,1.964807
1024.jpg,1024,1024,median3,rows,1,12,70.514550,14.870349,0.967833
1024.jpg,1024,1024,median3,rows,2,12,38.688333,27.103158,1.764003
1024.jpg,1024,1024,median3,rows,4,12,21.867342,47.951691,3.120925
1024.jpg,1024,1024,median3,rows,8,12,16.654217,62.961592,4.097841
1024.jpg,1024,1024,median3,columns,1,12,73.619392,14.243204,0.927016
1024.jpg,1024,1024,median3,columns,2,12,39.410000,26.606851,1.731701
1024.jpg,1024,1024,median3,columns,4,12,23.464683,44.687413,2.908470
1024.jpg,1024,1024,median3,columns,8,12,17.969883,58.351854,3.797817
1024.jpg,1024,1024,median3,grid,1,12,70.145225,14.948644,0.972929
1024.jpg,1024,1024,median3,grid,2,12,36.918475,28.402473,1.848569
1024.jpg,1024,1024,median3,grid,4,12,22.240975,47.146135,3.068496
1024.jpg,1024,1024,median3,grid,8,12,17.453783,60.077290,3.910117
1024.jpg,1024,1024,median5,sequential,1,12,300.931192,3.484438,1.000000
1024.jpg,1024,1024,median5,pixels,1,12,293.260642,3.575577,1.026156
1024.jpg,1024,1024,median5,pixels,2,12,174.354308,6.014053,1.725975
1024.jpg,1024,1024,median5,pixels,4,12,102.376033,10.242397,2.939469
1024.jpg,1024,1024,median5,pixels,8,12,78.218567,13.405717,3.847312
1024.jpg,1024,1024,median5,rows,1,12,293.336017,3.574658,1.025892
1024.jpg,1024,1024,median5,rows,2,12,156.474992,6.701237,1.923190
1024.jpg,1024,1024,median5,rows,4,12,93.010683,11.273716,3.235448
1024.jpg,1024,1024,median5,rows,8,12,64.552375,16.243802,4.661814
1024.jpg,1024,1024,median5,columns,1,12,293.568433,3.571828,1.025080
1024.jpg,1024,1024,median5,columns,2,12,162.501050,6.452734,1.851872
1024.jpg,1024,1024,median5,columns,4,12,92.404992,11.347612,3.256655
1024.jpg,1024,1024,median5,columns,8,12,64.003200,16.383181,4.701815
1024.jpg,1024,1024,median5,grid,1,12,293.759567,3.569504,1.024413
1024.jpg,1024,1024,median5,grid,2,12,155.213158,6.755716,1.938825
1024.jpg,1024,1024,median5,grid,4,12,93.130750,11.259181,3.231276
1024.jpg,1024,1024,median5,grid,8,12,68.840625,15.231936,4.371419
2048.jpg,2048,2048,gaussian3,sequential,1,6,153.194550,27.378937,1.000000
2048.jpg,2048,2048,gaussian3,pixels,1,6,251.713050,16.663038,0.608608
2048.jpg,2048,2048,gaussian3,pixels,2,6,242.594333,17.289373,0.631484
2048.jpg,2048,2048,gaussian3,pixels,4,6,171.697067,24.428513,0.892237
2048.jpg,2048,2048,gaussian3,pixels,8,6,134.065617,31.285456,1.142683
2048.jpg,2048,2048,gaussian3,rows,1,6,150.482550,27.872361,1.018022
2048.jpg,2048,2048,gaussian3,rows,2,6,80.347433,52.202091,1.906651
2048.jpg,2048,2048,gaussian3,rows,4,6,51.063500,82.138984,3.000079
2048.jpg,2048,2048,gaussian3,rows,8,6,45.151233,92.894561,3.392921
2048.jpg,2048,2048,gaussian3,columns,1,6,153.682583,27.291993,0.996824
2048.jpg,2048,2048,gaussian3,columns,2,6,81.054117,51.746958,1.890028
2048.jpg,2048,2048,gaussian3,columns,4,6,46.443417,90.309979,3.298520
2048.jpg,2048,2048,gaussian3,columns,8,6,42.887150,97.798618,3.572038
2048.jpg,2048,2048,gaussian3,grid,1,6,149.580800,28.040390,1.024159
2048.jpg,2048,2048,gaussian3,grid,2,6,79.903017,52.492436,1.917256
2048.jpg,2048,2048,gaussian3,grid,4,6,51.656450,81.196133,2.965642
2048.jpg,2048,2048,gaussian3,grid,8,6,42.480533,98.734730,3.606229
2048.jpg,2048,2048,gaussian5,sequential,1,6,347.143717,12.082327,1.000000
2048.jpg,2048,2048,gaussian5,pixels,1,6,422.267333,9.932817,0.822095
2048.jpg,2048,2048,gaussian5,pixels,2,6,283.998183,14.768771,1.222345
2048.jpg,2048,2048,gaussian5,pixels,4,6,207.893650,20.175239,1.669814
2048.jpg,2048,2048,gaussian5,pixels,8,6,163.834983,25.600784,2.118862
2048.jpg,2048,2048,gaussian5,rows,1,6,349.204467,12.011026,0.994099
2048.jpg,2048,2048,gaussian5,rows,2,6,182.863533,22.936798,1.898376
2048.jpg,2048,2048,gaussian5,rows,4,6,107.867767,38.883757,3.218234
2048.jpg,2048,2048,gaussian5,rows,8,6,96.996417,43.241845,3.578933
2048.jpg,2048,2048,gaussian5,columns,1,6,358.573400,11.697198,0.968125
2048.jpg,2048,2048,gaussian5,columns,2,6,180.950750,23.179257,1.918443
2048.jpg,2048,2048,gaussian5,columns,4,6,109.182067,38.415686,3.179494
2048.jpg,2048,2048,gaussian5,columns,8,6,96.446900,43.488220,3.599325
2048.jpg,2048,2048,gaussian5,grid,1,6,349.923783,11.986336,0.992055
2048.jpg,2048,2048,gaussian5,grid,2,6,186.609100,22.476417,1.860272
2048.jpg,2048,2048,gaussian5,grid,4,6,111.912400,37.478456,3.101924
2048.jpg,2048,2048,gaussian5,grid,8,6,96.144900,43.624820,3.610631
2048.jpg,2048,2048,blur5,sequential,1,6,350.201367,11.976835,1.000000
2048.jpg,2048,2048,blur5,pixels,1,6,419.078317,10.008401,0.835647
2048.jpg,2048,2048,blur5,pixels,2,6,279.199750,15.022592,1.254304
2048.jpg,2048,2048,blur5,pixels,4,6,199.474367,21.026782,1.755621
2048.jpg,2048,2048,blur5,pixels,8,6,171.389383,24.472368,2.043308
2048.jpg,2048,2048,blur5,rows,1,6,351.494167,11.932784,0.996322
2048.jpg,2048,2048,blur5,rows,2,6,180.906300,23.184953,1.935816
2048.jpg,2048,2048,blur5,rows,4,6,107.531583,39.005322,3.256730
2048.jpg,2048,2048,blur5,rows,8,6,96.502800,43.463029,3.628924
2048.jpg,2048,2048,blur5,columns,1,6,360.361183,11.639167,0.971807
2048.jpg,2048,2048,blur5,columns,2,6,183.500217,22.857216,1.908452
2048.jpg,2048,2048,blur5,columns,4,6,109.455033,38.319882,3.199500
2048.jpg,2048,2048,blur5,columns,8,6,97.856850,42.861629,3.578711
2048.jpg,2048,2048,blur5,grid,1,6,345.143900,12.152334,1.014653
2048.jpg,2048,2048,blur5,grid,2,6,183.003517,22.919254,1.913632
2048.jpg,2048,2048,blur5,grid,4,6,107.961667,38.849937,3.243757
2048.jpg,2048,2048,blur5,grid,8,6,95.926100,43.724325,3.650741
2048.jpg,2048,2048,sharpen3,sequential,1,6,144.419600,29.042485,1.000000
2048.jpg,2048,2048,sharpen3,pixels,1,6,216.082800,19.410633,0.668353
2048.jpg,2048,2048,sharpen3,pixels,2,6,183.978217,22.797829,0.784982
2048.jpg,2048,2048,sharpen3,pixels,4,6,167.263250,25.076064,0.863427
2048.jpg,2048,2048,sharpen3,pixels,8,6,133.724167,31.365340,1.079981
2048.jpg,2048,2048,sharpen3,rows,1,6,153.369933,27.347629,0.941642
2048.jpg,2048,2048,sharpen3,rows,2,6,82.143117,51.060931,1.758146
2048.jpg,2048,2048,sharpen3,rows,4,6,62.043783,67.602325,2.327705
2048.jpg,2048,2048,sharpen3,rows,8,6,45.218333,92.756714,3.193828
2048.jpg,2048,2048,sharpen3,columns,1,6,153.447283,27.333843,0.941168
2048.jpg,2048,2048,sharpen3,columns,2,6,87.377900,48.001886,1.652816
2048.jpg,2048,2048,sharpen3,columns,4,6,55.456750,75.631983,2.604184
2048.jpg,2048,2048,sharpen3,columns,8,6,47.853400,87.649028,3.017959
2048.jpg,2048,2048,sharpen3,grid,1,6,157.332367,26.658876,0.917927
2048.jpg,2048,2048,sharpen3,grid,2,6,91.943950,45.618053,1.570735
2048.jpg,2048,2048,sharpen3,grid,4,6,59.006500,71.082067,2.447520
2048.jpg,2048,2048,sharpen3,grid,8,6,46.208783,90.768544,3.125371
2048.jpg,2048,2048,motion9,sequential,1,6,1017.432550,4.122439,1.000000
2048.jpg,2048,2048,motion9,pixels,1,6,1062.965383,3.945852,0.957164
2048.jpg,2048,2048,motion9,pixels,2,6,673.139733,6.230956,1.511473
2048.jpg,2048,2048,motion9,pixels,4,6,411.240133,10.199160,2.474059
2048.jpg,2048,2048,motion9,pixels,8,6,330.478267,12.691618,3.078667
2048.jpg,2048,2048,motion9,rows,1,6,1025.638083,4.089458,0.992000
2048.jpg,2048,2048,motion9,rows,2,6,553.882200,7.572556,1.836911
2048.jpg,2048,2048,motion9,rows,4,6,344.678767,12.168733,2.951828
2048.jpg,2048,2048,motion9,rows,8,6,277.691717,15.104174,3.663892
2048.jpg,2048,2048,motion9,columns,1,6,1037.587167,4.042363,0.980575
2048.jpg,2048,2048,motion9,columns,2,6,546.718133,7.671785,1.860982
2048.jpg,2048,2048,motion9,columns,4,6,358.175267,11.710200,2.840600
2048.jpg,2048,2048,motion9,columns,8,6,282.242017,14.860665,3.604823
2048.jpg,2048,2048,motion9,grid,1,6,1017.236817,4.123233,1.000192
2048.jpg,2048,2048,motion9,grid,2,6,529.665883,7.918773,1.920895
2048.jpg,2048,2048,motion9,grid,4,6,359.728333,11.659643,2.828336
2048.jpg,2048,2048,motion9,grid,8,6,287.144933,14.606923,3.543272
2048.jpg,2048,2048,median3,sequential,1,6,274.767533,15.264918,1.000000
2048.jpg,2048,2048,median3,pixels,1,6,286.337950,14.648090,0.959592
2048.jpg,2048,2048,median3,pixels,2,6,240.210733,17.460935,1.143860
2048.jpg,2048,2048,median3,pixels,4,6,176.334600,23.786052,1.558217
2048.jpg,2048,2048,median3,pixels,8,6,129.751100,32.325768,2.117651
2048.jpg,2048,2048,median3,rows,1,6,273.646283,15.327466,1.004097
2048.jpg,2048,2048,median3,rows,2,6,144.487500,29.028836,1.901670
2048.jpg,2048,2048,median3,rows,4,6,86.394033,48.548538,3.180399
2048.jpg,2048,2048,median3,rows,8,6,61.766783,67.905495,4.448468
2048.jpg,2048,2048,median3,columns,1,6,284.155700,14.760584,0.966961
2048.jpg,2048,2048,median3,columns,2,6,151.913733,27.609775,1.808708
2048.jpg,2048,2048,median3,columns,4,6,93.842000,44.695382,2.927980
2048.jpg,2048,2048,median3,columns,8,6,63.598783,65.949438,4.320327
2048.jpg,2048,2048,median3,grid,1,6,274.962250,15.254109,0.999292
2048.jpg,2048,2048,median3,grid,2,6,150.484417,27.872016,1.825887
2048.jpg,2048,2048,median3,grid,4,6,95.341267,43.992535,2.881937
2048.jpg,2048,2048,median3,grid,8,6,62.253983,67.374066,4.413654
2048.jpg,2048,2048,median5,sequential,1,6,1165.234467,3.599537,1.000000
2048.jpg,2048,2048,median5,pixels,1,6,1127.776950,3.719090,1.033214
2048.jpg,2048,2048,median5,pixels,2,6,686.830033,6.106757,1.696540
2048.jpg,2048,2048,median5,pixels,4,6,426.876733,9.825562,2.729674
2048.jpg,2048,2048,median5,pixels,8,6,286.749617,14.627061,4.063596
2048.jpg,2048,2048,median5,rows,1,6,1141.092500,3.675691,1.021157
2048.jpg,2048,2048,median5,rows,2,6,613.646100,6.835054,1.898870
2048.jpg,2048,2048,median5,rows,4,6,383.242883,10.944245,3.040460
2048.jpg,2048,2048,median5,rows,8,6,242.581267,17.290305,4.803481
2048.jpg,2048,2048,median5,columns,1,6,1146.308950,3.658965,1.016510
2048.jpg,2048,2048,median5,columns,2,6,622.620567,6.736533,1.871500
2048.jpg,2048,2048,median5,columns,4,6,375.225833,11.178079,3.105422
2048.jpg,2048,2048,median5,columns,8,6,266.156050,15.758815,4.378012
2048.jpg,2048,2048,median5,grid,1,6,1140.553367,3.677429,1.021640
2048.jpg,2048,2048,median5,grid,2,6,637.000500,6.584460,1.829252
2048.jpg,2048,2048,median5,grid,4,6,371.504950,11.290035,3.136525
2048.jpg,2048,2048,median5,grid,8,6,248.382183,16.886493,4.691296
